{
  "dense_loss_history": {
    "train": [
      0.2861104484120657,
      0.28119759211253764,
      0.27627753260287835,
      0.2713625623899348,
      0.2664741357515691,
      0.261633353739119,
      0.2568168771431055,
      0.25197676189700713,
      0.24713654030995613,
      0.24234158417981616,
      0.2375131551180972,
      0.23259189530964638,
      0.22755504363171,
      0.22239445136843694,
      0.2170760561811163,
      0.21163548501173457,
      0.2060674564150606,
      0.20033250909499142,
      0.194372112204196,
      0.18819196248084344,
      0.18179086841018088,
      0.17517438654010375,
      0.16832838503082045,
      0.1612503979546257,
      0.15384571131164948,
      0.1461739859011057,
      0.1383027803241386,
      0.1302512585930293,
      0.12200172692164313,
      0.11361705210614712,
      0.10521303385831836,
      0.09680124179218827,
      0.08871194474091369,
      0.08109013794994772,
      0.07418755707663201,
      0.06823772635865719,
      0.06327129054222447,
      0.05911506051302553,
      0.0553794635811795,
      0.05176324471458327,
      0.048136570902357116,
      0.04461654078434495,
      0.04134389572544898,
      0.03846834395756859,
      0.03604659900647379,
      0.03405765870187399,
      0.032422932608517,
      0.031062642821065325,
      0.029905469426057665,
      0.028933344408869743
    ],
    "val": [
      0.28236356377601624,
      0.2774439752101898,
      0.27253058552742004,
      0.2676365077495575,
      0.26279011368751526,
      0.25798386335372925,
      0.2531547546386719,
      0.24831250309944153,
      0.24352380633354187,
      0.23871716856956482,
      0.2338220775127411,
      0.2288147509098053,
      0.2236785888671875,
      0.21840034425258636,
      0.21299023926258087,
      0.20745588839054108,
      0.2017648071050644,
      0.19585105776786804,
      0.18971969187259674,
      0.18336783349514008,
      0.1767931878566742,
      0.17000088095664978,
      0.16297362744808197,
      0.15564560890197754,
      0.14802215993404388,
      0.1401953399181366,
      0.13219255208969116,
      0.12397989630699158,
      0.11562219262123108,
      0.10719607770442963,
      0.09879326075315475,
      0.09063161909580231,
      0.08290828764438629,
      0.07583987712860107,
      0.06970509141683578,
      0.0645832046866417,
      0.0603022463619709,
      0.05649419128894806,
      0.05285034701228142,
      0.049190033227205276,
      0.04558273404836655,
      0.04221292957663536,
      0.03921278566122055,
      0.036670248955488205,
      0.03457673266530037,
      0.03286106511950493,
      0.03143788501620293,
      0.03023824840784073,
      0.029223639518022537,
      0.028376681730151176
    ]
  },
  "lstm_loss_history": {
    "train": [
      0.27805280217102596,
      0.20132448731304764,
      0.10668248091038171,
      0.05386979507354947,
      0.03405866078161574,
      0.027794748157649846,
      0.027218146264166028,
      0.02601137433636498,
      0.025350145545679253,
      0.025112243325679334,
      0.02500913765813623,
      0.024919013098462835,
      0.024872927019348394,
      0.02484082860219014,
      0.024813751305465575,
      0.024787177527686218,
      0.024763038638350252,
      0.024737683533654586,
      0.024719294112224083,
      0.024693194007525197,
      0.024668621058974948,
      0.024640344059118975,
      0.024619745545379528,
      0.024592176549039876,
      0.02456737229382837,
      0.024542631383066053,
      0.024513162807984785,
      0.024484572428968045,
      0.024456469114724693,
      0.02442266604826822,
      0.024398076113361818,
      0.024360555521660037,
      0.024324399871485575,
      0.024287708626165017,
      0.024253453082078463,
      0.024219213106802532,
      0.024184298505643746,
      0.024146257360260208,
      0.024107675917156332,
      0.02406574608153337,
      0.024015729555061885,
      0.02397278462137495,
      0.02392016208017027,
      0.023877763549809333,
      0.02383491773303453,
      0.02377877812590692,
      0.02372567095830069,
      0.0236714521398792,
      0.023613467778671873,
      0.02355922121409472
    ],
    "val": [
      0.23083327257493783,
      0.14146854523678273,
      0.06048035950601449,
      0.04108528836428771,
      0.02788724086917283,
      0.02805280241004208,
      0.026377013029410826,
      0.025609546836618095,
      0.025204089933145813,
      0.025177205809288554,
      0.025041906522554263,
      0.024988079966421713,
      0.024952995792379855,
      0.02492649753017035,
      0.024899321286911854,
      0.02486919730422441,
      0.024852552217001108,
      0.0248396152641341,
      0.024811296849048627,
      0.024783601123861403,
      0.024762055885634925,
      0.024736067487133875,
      0.02471286344902906,
      0.024678744876768157,
      0.024658677032032207,
      0.024646416480778255,
      0.02460567287185736,
      0.024573968810557623,
      0.02455915249230569,
      0.024533679654375154,
      0.024506445189839916,
      0.024447855174715757,
      0.024410664980784494,
      0.024399310317740106,
      0.024370345368719938,
      0.024344833349885298,
      0.024289964006571043,
      0.024238439810554884,
      0.02420385696037471,
      0.02416837918000263,
      0.024138410232569043,
      0.024082054073611896,
      0.02403450282345041,
      0.023995902498214566,
      0.023941693152164854,
      0.023886603188880702,
      0.02387108079740527,
      0.02378470876542797,
      0.02371888175301733,
      0.02368361518135545
    ]
  },