{
  "dense_loss_history": {
    "train": [
      0.2885997902615945,
      0.28326142248283787,
      0.27792822307579507,
      0.2724738212789552,
      0.26681884358612556,
      0.2608993815092629,
      0.25463159775853306,
      0.24796562445104048,
      0.2408406016637148,
      0.2331697259550548,
      0.22489107798351365,
      0.2159050694283317,
      0.20610502099289613,
      0.1952207741398686,
      0.18313141497264665,
      0.169833973404463,
      0.15505812338580177,
      0.13879187809809276,
      0.12128044740391315,
      0.10298396050184033,
      0.08498044795029154,
      0.068868982842255,
      0.05685339426535539,
      0.050767409255045075,
      0.04952603672282568,
      0.04794354444003672,
      0.043039890386173514,
      0.03674751350444011,
      0.031800495124933714,
      0.02923773173639115,
      0.028415921101059873,
      0.028236214069181,
      0.027949243525185335,
      0.027363744131913025,
      0.026631010348940075,
      0.02601520402196128,
      0.025683349937909238,
      0.025608989537153883,
      0.02561946632398831,
      0.025546654380475625
    ],
    "val": [
      0.28407853841781616,
      0.27875515818595886,
      0.27332746982574463,
      0.26771095395088196,
      0.2618369460105896,
      0.2556397616863251,
      0.24905796349048615,
      0.2420244961977005,
      0.23446109890937805,
      0.2262980192899704,
      0.21746507287025452,
      0.20783551037311554,
      0.1971600353717804,
      0.18528106808662415,
      0.1722155213356018,
      0.15771733224391937,
      0.1417129635810852,
      0.12438678741455078,
      0.1061200276017189,
      0.08788372576236725,
      0.07120619714260101,
      0.0582304373383522,
      0.051068421453237534,
      0.049467988312244415,
      0.048504799604415894,
      0.04414258152246475,
      0.037810832262039185,
      0.03248238191008568,
      0.029538316652178764,
      0.02854309044778347,
      0.028335314244031906,
      0.028100308030843735,
      0.027552347630262375,
      0.026807785034179688,
      0.026131922379136086,
      0.02573159523308277,
      0.025618482381105423,
      0.025624128058552742,
      0.025568898767232895,
      0.025396501645445824
    ]
  },
  "lstm_loss_history": {
    "train": [
      0.23636362769386984,
      0.1208461365142426,
      0.05627984790639444,
      0.032465645225791186,
      0.02882108318728286,
      0.027004748379642313,
      0.025752828400823977,
      0.025280981839864283,
      0.025030113093845258,
      0.0249278064430147,
      0.024841302304298846,
      0.02478377842283868,
      0.024734491472700973,
      0.024695240077260254,
      0.024655580878644796,
      0.02461484055240433,
      0.024570653152156185,
      0.024542235331488894,
      0.024492993607343017,
      0.024450583876920985,
      0.02440701656333812,
      0.02435941400078984,
      0.02431013451574685,
      0.02426444806835868,
      0.024205434791646996,
      0.024147759895626602,
      0.024096208834996472,
      0.024044378827531618,
      0.023972093318770458,
      0.02390901760815026,
      0.02383442050837851,
      0.023763590828551874,
      0.023687066621594616,
      0.02360146368865843,
      0.02351434781857125,
      0.023432175626421903,
      0.023334695781012636,
      0.02323527250487309,
      0.023122048924689168,
      0.02301063271989296
    ],
    "val": [
      0.15932741456213054,
      0.06880620832157414,
      0.03630362429291184,
      0.029434862279752543,
      0.028092510769503157,
      0.02619922587005367,
      0.025468772865439717,
      0.025112153079948928,
      0.02504314123843497,
      0.02495900130890615,
      0.024894391213767013,
      0.024855744300617114,
      0.024804833350561516,
      0.024764600640151933,
      0.024726232982169815,
      0.02469776386710984,
      0.024660662993004446,
      0.024624542349524665,
      0.024593195316997187,
      0.024540082513414628,
      0.024475879607754842,
      0.02445729063791141,
      0.024415581666848117,
      0.02434736350823564,
      0.024309990579011845,
      0.024249727189628003,
      0.024185717007831523,
      0.024147439650014826,
      0.024116781164418188,
      0.024009130448538658,
      0.023949152784563645,
      0.02389749353043517,
      0.023817262410768987,
      0.02373060795385935,
      0.02364163305501492,
      0.023569821799446267,
      0.023517446211206983,
      0.0233905051796757,
      0.023274113810811823,
      0.02317516342328306
    ]
  },