{
  "dense_loss_history": {
    "train": [
      0.26655900534312327,
      0.26098723860646367,
      0.25556290683071964,
      0.25020827228047227,
      0.24483417274805722,
      0.23936825530027717,
      0.23377404010415226,
      0.22799879105502882,
      0.22202175823932,
      0.21584473839391008,
      0.20946576846332216,
      0.20283037379328092,
      0.19586492666464125,
      0.18850759285337784,
      0.18074169894855222,
      0.17252042820590907,
      0.16379472833401867,
      0.15453883878728178,
      0.1447608414407964,
      0.13450453241119098,
      0.12385341281698403,
      0.11303018717018326,
      0.10236978909473993,
      0.09226272039777496,
      0.08321663466875484,
      0.07564685299750114,
      0.06988936492961101,
      0.06551259816699989,
      0.061561931670644554,
      0.05731048965092296,
      0.05271997965769714,
      0.04826177610026134,
      0.04437935514578384,
      0.04124806437627395,
      0.03877110341015984,
      0.036706631268853686,
      0.03488500132802431,
      0.03325559461351778,
      0.03179223288563972,
      0.030553801248645006,
      0.029557254172404658,
      0.02877338080479296,
      0.02814340132646477,
      0.027593635369992077,
      0.02708723834099176
    ],
    "val": [
      0.26316970586776733,
      0.25772035121917725,
      0.25236520171165466,
      0.24700073897838593,
      0.24156160652637482,
      0.23599670827388763,
      0.23026566207408905,
      0.22433559596538544,
      0.21820536255836487,
      0.21187224984169006,
      0.20530980825424194,
      0.19841498136520386,
      0.19113871455192566,
      0.18346065282821655,
      0.17534781992435455,
      0.16672280430793762,
      0.15755851566791534,
      0.1478714495897293,
      0.13769853115081787,
      0.12711192667484283,
      0.11630920320749283,
      0.10557982325553894,
      0.09531839936971664,
      0.0860164612531662,
      0.07815778255462646,
      0.07205500453710556,
      0.06750426441431046,
      0.06353911012411118,
      0.0592915378510952,
      0.054626595228910446,
      0.049983520060777664,
      0.04586790129542351,
      0.042515829205513,
      0.03984977304935455,
      0.03764833137392998,
      0.035725515335798264,
      0.033984676003456116,
      0.03242070600390434,
      0.031075114384293556,
      0.029980000108480453,
      0.02912023849785328,
      0.028432302176952362,
      0.02784179151058197,
      0.02730662003159523,
      0.026826392859220505
    ]
  },
  "lstm_loss_history": {
    "train": [
      0.25462821033093835,
      0.162858743501174,
      0.08229467707214418,
      0.04611489184491046,
      0.029908207329836758,
      0.027955469721323484,
      0.026742599885185042,
      0.025774000130303495,
      0.025379707765850155,
      0.025179140937405746,
      0.02507957967554594,
      0.02500964950334716,
      0.024955449393623836,
      0.02491410858445353,
      0.02488152003520495,
      0.02484490516801159,
      0.024813616638640304,
      0.024785794361264674,
      0.02475239375194946,
      0.024718907170675018,
      0.024683954876351666,
      0.024652477939214025,
      0.024620119472602744,
      0.02458055212416432,
      0.024555169263636913,
      0.02451067173539044,
      0.02447688581978346,
      0.02443945783783089,
      0.024403910416287262,
      0.02435737925206686,
      0.02431924890775185,
      0.024282529161541493,
      0.02424072449567256,
      0.02419390446179873,
      0.024158265136859633,
      0.02410974819938858,
      0.024062083424492314,
      0.024011883913696585,
      0.023953201621770857,
      0.02390288467724602,
      0.02384651234591162,
      0.023791245550110744,
      0.023733708910740815,
      0.023669899206656915,
      0.023608517380697386
    ],
    "val": [
      0.19744195331606948,
      0.10229889020236613,
      0.05622170240296955,
      0.03194857844048076,
      0.028578721738436764,
      0.027243066285001605,
      0.026242514298847545,
      0.025516595898403063,
      0.02520019956455942,
      0.025089730056580047,
      0.025055886927055338,
      0.02503084645154532,
      0.024970750602190953,
      0.024927238928295715,
      0.02490723988161101,
      0.024903942945233563,
      0.024847452882786242,
      0.02481006876679889,
      0.024805226553863254,
      0.02476764536784058,
      0.024734577556189737,
      0.02470416154124235,
      0.02467294170232544,
      0.024641954280131044,
      0.024619913109910418,
      0.024560436323197963,
      0.024550434997120098,
      0.024547384322038172,
      0.024473526858185466,
      0.02440325020436655,
      0.024424728343797008,
      0.024387031390565878,
      0.024312012006490552,
      0.024274634698416755,
      0.024255200022319606,
      0.024234288464687025,
      0.024153549387528186,
      0.024089274906188424,
      0.024077003266204867,
      0.02401119506542097,
      0.02396248084934134,
      0.02392791641865209,
      0.02386761595064785,
      0.02380656856193877,
      0.023763278826025493
    ]
  },