{
  "dense_loss_history": {
    "train": [
      0.30076968281976274,
      0.2845560250353903,
      0.2687168510371961,
      0.25266148517367537,
      0.23590820306009883,
      0.21761878284256211,
      0.19652293370721935,
      0.17192885796253912,
      0.14286445155833033,
      0.11181198302026983,
      0.0853751998334116,
      0.07341597282394151,
      0.06758066141821714,
      0.053738011511156945,
      0.04037076302889142,
      0.03369962140097189,
      0.03144560786236884,
      0.030091805658647056,
      0.028482866609872357,
      0.027205121457502153,
      0.02690812723433718,
      0.02725907763669055,
      0.027260001529665553,
      0.02668090969864955,
      0.026099593962574184,
      0.025881644305732282,
      0.025821619857107295,
      0.025654814808684236,
      0.02538911255545103,
      0.025200817906513382
    ],
    "val": [
      0.2872869670391083,
      0.27143964171409607,
      0.2554551959037781,
      0.23885929584503174,
      0.22092337906360626,
      0.20038238167762756,
      0.17651472985744476,
      0.14803431928157806,
      0.116719551384449,
      0.08819811046123505,
      0.07332996279001236,
      0.06876382976770401,
      0.05587204545736313,
      0.04162856936454773,
      0.03401612117886543,
      0.031530432403087616,
      0.03034786507487297,
      0.028847845271229744,
      0.0274956151843071,
      0.027081161737442017,
      0.027460167184472084,
      0.02761347033083439,
      0.027082281187176704,
      0.026423893868923187,
      0.026115335524082184,
      0.026030074805021286,
      0.02586696669459343,
      0.0255753081291914,
      0.02532927691936493,
      0.025239812210202217
    ]
  },
  "lstm_loss_history": {
    "train": [
      0.22794624789581672,
      0.05922122309347252,
      0.03177436752752824,
      0.02941473691978238,
      0.026578006003197138,
      0.025840530679984527,
      0.025500793914709774,
      0.02519464815495076,
      0.02515920264670601,
      0.02506385954072723,
      0.025046560550471404,
      0.02502558005901126,
      0.025016189439149645,
      0.02501230056990277,
      0.025005799977036267,
      0.025006689924698372,
      0.025010133853980474,
      0.024998929912780788,
      0.024999223567255133,
      0.024987113127460728,
      0.024987125469299105,
      0.02498369174828003,
      0.024978678862189317,
      0.024978588758544487,
      0.024972256214974762,
      0.024978165846172865,
      0.024962842812785855,
      0.024951357558950202,
      0.024941869341320807,
      0.02493659033887572
    ],
    "val": [
      0.08063610338153895,
      0.03122019242734937,
      0.0316854099476198,
      0.027470557846956782,
      0.025718416593838157,
      0.025803370706257763,
      0.025470161559986094,
      0.025245213075078023,
      0.02517219958554583,
      0.02515534382335275,
      0.025125011093696657,
      0.025131201807257027,
      0.025112887419629516,
      0.025101636574543708,
      0.025098183960245365,
      0.025113816182428632,
      0.02508287735239804,
      0.025090781045936005,
      0.025078919743411025,
      0.02509389880892129,
      0.025083346205235224,
      0.02508555774233843,
      0.02505538451392748,
      0.02505481854211866,
      0.025067281773128704,
      0.025069592313634023,
      0.025043174831403628,
      0.025037576428108048,
      0.025029497711282028,
      0.025039083427853055
    ]
  },
  "dense_val_errors_preview": [
    0.027267875149846077,
    0.02330487221479416,
    0.015541999600827694,
    0.02116856724023819,
    0.027898181229829788,
    0.02134089544415474,
    0.028806908056139946,
    0.029599471017718315,
    0.0202802661806345,
    0.01881592534482479,
    0.026663411408662796,
    0.022357821464538574,
    0.0288370531052351,
    0.0329752042889595,
    0.027988072484731674,
    0.01683904603123665,
    0.024030255153775215,
    0.02799413539469242,
    0.01974756084382534,
    0.025542963296175003,
    0.02223869599401951,
    0.027547085657715797,
    0.02259230427443981,
    0.023129500448703766,
    0.02666304260492325,
    0.024056268855929375,
    0.030740056186914444,
    0.019475668668746948,
    0.019885487854480743,
    0.02811616286635399,
    0.025417130440473557,
    0.022220291197299957,
    0.029356451705098152,
    0.019201377406716347,
    0.029389185830950737,
    0.025514798238873482,
    0.015351529233157635,
    0.03350120037794113,
    0.027086403220891953,
    0.025520753115415573,
    0.03375983238220215,
    0.022992948070168495,
    0.03307010233402252,
    0.026757169514894485,
    0.03252136707305908,
    0.03076525218784809,
    0.022940687835216522,
    0.019776728004217148,
    0.022957410663366318,
    0.0225213635712862,
    0.02228708751499653,
    0.03335196152329445,
    0.02468184195458889,
    0.022000279277563095,
    0.030947454273700714,
    0.029582608491182327,
    0.02528301812708378,
    0.02573085017502308,
    0.02564341574907303,
    0.022437123581767082,
    0.03041890263557434,
    0.028126129880547523,
    0.016914095729589462,
    0.022191496565937996,
    0.02499481476843357,
    0.025066250935196877,
    0.01580086350440979,
    0.029929636046290398,
    0.023086316883563995,
    0.029404014348983765,
    0.022057177498936653,
    0.027451204136013985,
    0.02827107161283493,
    0.03439044579863548,
    0.02500193379819393,
    0.02109764702618122,
    0.02586248144507408,
    0.020668545737862587,
    0.030538134276866913,
    0.020410895347595215,
    0.03029704838991165,
    0.024037132039666176,
    0.018738126382231712,
    0.02884884737432003,
    0.02009688876569271,
    0.026403727009892464,
    0.025241723284125328,
    0.0280311219394207,
    0.026802079752087593,
    0.01851520501077175,
    0.027532553300261497,
    0.020539360120892525,
    0.014137023128569126,
    0.019350968301296234,
    0.022259794175624847,
    0.027052275836467743,
    0.025419807061553,
    0.0234749224036932,
    0.026171568781137466,
    0.020803207531571388,
    0.018460506573319435,
    0.023864589631557465,
    0.022677747532725334,
    0.02927124686539173,
    0.026964278891682625,
    0.028158215805888176,
    0.019242221489548683,
    0.01980947144329548,
    0.027206461876630783,
    0.02194015122950077,
    0.029706263914704323,
    0.013124329969286919,
    0.02681598626077175,
    0.02459915354847908,
    0.022510727867484093,
    0.030024778097867966,
    0.0240382831543684,
    0.021128704771399498,
    0.022356847301125526,
    0.022601593285799026,
    0.029557092115283012,
    0.023228969424962997,
    0.020870959386229515,
    0.022153504192829132,
    0.026140931993722916,
    0.02680608071386814,
    0.02399461902678013,
    0.028251351788640022,
    0.0445251390337944,
    0.025684062391519547,
    0.02092714048922062,
    0.02102634310722351,
    0.030759427696466446,
    0.019606292247772217,
    0.02441542223095894,
    0.018080752342939377,
    0.026199081912636757,
    0.019072525203227997,
    0.02029646746814251,
    0.022752249613404274,
    0.025288240984082222,
    0.022097421810030937,
    0.022039566189050674,
    0.019466493278741837,
    0.023831866681575775,
    0.0175237525254488,
    0.01625474914908409,
    0.024854224175214767,
    0.02435591071844101,
    0.030903486534953117,
    0.027288734912872314,
    0.03213970363140106,
    0.03117966093122959,
    0.021747130900621414,
    0.02826920710504055,
    0.026585279032588005,
    0.022756196558475494,
    0.033499576151371,
    0.02336064912378788,
    0.02093076892197132,
    0.026960384100675583,
    0.028244415298104286,
    0.021071724593639374,
    0.02886618860065937,
    0.022971175611019135,
    0.0247040968388319,
