{
  "dense_loss_history": {
    "train": [
      0.28546780347824097,
      0.2815151512622833,
      0.2775813341140747,
      0.27365171909332275,
      0.2697410583496094,
      0.26586422324180603,
      0.2619841992855072,
      0.2580769658088684,
      0.25413909554481506,
      0.25016966462135315,
      0.24613027274608612,
      0.24200335144996643,
      0.23777887225151062,
      0.23344789445400238,
      0.22899723052978516,
      0.22440828382968903,
      0.21966467797756195,
      0.21475635468959808,
      0.2096732258796692,
      0.20440231263637543,
      0.19892816245555878,
      0.19321180880069733,
      0.18718472123146057,
      0.18088683485984802,
      0.17431625723838806,
      0.1674865186214447,
      0.1603759080171585,
      0.15288656949996948,
      0.14501060545444489,
      0.13677939772605896,
      0.12817585468292236,
      0.11928698420524597,
      0.11021053791046143,
      0.10103783011436462,
      0.09194456785917282
    ],
    "val": [
      0.28141188621520996,
      0.2774841785430908,
      0.2735627293586731,
      0.2696624994277954,
      0.2657938301563263,
      0.2619227170944214,
      0.2580253779888153,
      0.25409823656082153,
      0.2501390874385834,
      0.2461109757423401,
      0.24199658632278442,
      0.23778444528579712,
      0.23346520960330963,
      0.22902651131153107,
      0.22444938123226166,
      0.21971780061721802,
      0.21482114493846893,
      0.2097504436969757,
      0.20449259877204895,
      0.1990324705839157,
      0.19332678616046906,
      0.1873174011707306,
      0.1810372918844223,
      0.17448508739471436,
      0.16767634451389313,
      0.1605822890996933,
      0.15311533212661743,
      0.14526459574699402,
      0.13705454766750336,
      0.1284775733947754,
      0.11961940675973892,
      0.11057723313570023,
      0.10144424438476562,
      0.09239625930786133,
      0.0836455300450325
    ]
  },
  "lstm_loss_history": {
    "train": [
      0.25723836979308684,
      0.17493009540167723,
      0.0915635071211047,
      0.05304607314529357,
      0.041081022925965195,
      0.030340012743488534,
      0.029502912954270065,
      0.029170997939133025,
      0.027249840405080227,
      0.0262145358827207,
      0.025778350451743447,
      0.02541897886662514,
      0.025311944982061137,
      0.02523654175849704,
      0.025098199339269045,
      0.02503017650118896,
      0.02499110447121905,
      0.024942743357319337,
      0.02491929771547968,
      0.02488179412948621,
      0.024851935134305583,
      0.024837734395420398,
      0.024816229073451712,
      0.02479740498805201,
      0.024776769139162907,
      0.02475798653511258,
      0.024754841538605753,
      0.0247389658753361,
      0.024724627905464792,
      0.024686754340088213,
      0.024668598770127666,
      0.024646300125818747,
      0.024623340895617164,
      0.024604209546338428,
      0.024585772978214473
    ],
    "val": [
      0.1963507980108261,
      0.1100623607635498,
      0.05610145255923271,
      0.04479723051190376,
      0.03195136412978172,
      0.029445869848132133,
      0.029650121927261353,
      0.027661405503749847,
      0.026330307126045227,
      0.025936953723430634,
      0.025606993585824966,
      0.025470178574323654,
      0.025379184633493423,
      0.02520335279405117,
      0.02509169839322567,
      0.02506641484797001,
      0.025039441883563995,
      0.025042302906513214,
      0.02501756325364113,
      0.024961737915873528,
      0.024921922013163567,
      0.024894490838050842,
      0.02487930655479431,
      0.024873709306120872,
      0.02485518902540207,
      0.024846307933330536,
      0.024825816974043846,
      0.02483108453452587,
      0.024790849536657333,
      0.024751143530011177,
      0.024734001606702805,
      0.024730227887630463,
      0.024737931787967682,
      0.024728816002607346,
      0.024685893207788467
    ]
  },